Source,Target,StartTime,EndTime,LinkType
LEO_1 +X_OCT,LEO_2 -X_OCT,16-Feb-2023 00:00:00,16-Feb-2023 02:00:00,LEO_LEO
LEO_2 +X_OCT,LEO_3 -X_OCT,16-Feb-2023 00:00:00,16-Feb-2023 02:00:00,LEO_LEO
LEO_3 +X_OCT,LEO_4 -X_OCT,16-Feb-2023 00:00:00,16-Feb-2023 02:00:00,LEO_LEO
LEO_4 +X_OCT,LEO_5 -X_OCT,16-Feb-2023 00:00:00,16-Feb-2023 02:00:00,LEO_LEO
LEO_5 +X_OCT,LEO_6 -X_OCT,16-Feb-2023 00:00:00,16-Feb-2023 02:00:00,LEO_LEO
LEO_6 +X_OCT,LEO_7 -X_OCT,16-Feb-2023 00:00:00,16-Feb-2023 02:00:00,LEO_LEO
LEO_7 +X_OCT,LEO_8 -X_OCT,16-Feb-2023 00:00:00,16-Feb-2023 02:00:00,LEO_LEO
LEO_9 +X_OCT,LEO_10 -X_OCT,16-Feb-2023 00:00:00,16-Feb-2023 02:00:00,LEO_LEO
LEO_10 +X_OCT,LEO_11 -X_OCT,16-Feb-2023 00:00:00,16-Feb-2023 02:00:00,LEO_LEO
LEO_11 +X_OCT,LEO_12 -X_OCT,16-Feb-2023 00:00:00,16-Feb-2023 02:00:00,LEO_LEO
LEO_12 +X_OCT,LEO_13 -X_OCT,16-Feb-2023 00:00:00,16-Feb-2023 02:00:00,LEO_LEO
LEO_13 +X_OCT,LEO_14 -X_OCT,16-Feb-2023 00:00:00,16-Feb-2023 02:00:00,LEO_LEO
LEO_14 +X_OCT,LEO_15 -X_OCT,16-Feb-2023 00:00:00,16-Feb-2023 02:00:00,LEO_LEO
LEO_15 +X_OCT,LEO_16 -X_OCT,16-Feb-2023 00:00:00,16-Feb-2023 02:00:00,LEO_LEO
LEO_17 +X_OCT,LEO_18 -X_OCT,16-Feb-2023 00:00:00,16-Feb-2023 02:00:00,LEO_LEO
LEO_18 +X_OCT,LEO_19 -X_OCT,16-Feb-2023 00:00:00,16-Feb-2023 02:00:00,LEO_LEO
LEO_19 +X_OCT,LEO_20 -X_OCT,16-Feb-2023 00:00:00,16-Feb-2023 02:00:00,LEO_LEO
LEO_20 +X_OCT,LEO_21 -X_OCT,16-Feb-2023 00:00:00,16-Feb-2023 02:00:00,LEO_LEO
LEO_21 +X_OCT,LEO_22 -X_OCT,16-Feb-2023 00:00:00,16-Feb-2023 02:00:00,LEO_LEO
LEO_22 +X_OCT,LEO_23 -X_OCT,16-Feb-2023 00:00:00,16-Feb-2023 02:00:00,LEO_LEO
LEO_23 +X_OCT,LEO_24 -X_OCT,16-Feb-2023 00:00:00,16-Feb-2023 02:00:00,LEO_LEO
LEO_25 +X_OCT,LEO_26 -X_OCT,16-Feb-2023 00:00:00,16-Feb-2023 02:00:00,LEO_LEO
LEO_26 +X_OCT,LEO_27 -X_OCT,16-Feb-2023 00:00:00,16-Feb-2023 02:00:00,LEO_LEO
LEO_27 +X_OCT,LEO_28 -X_OCT,16-Feb-2023 00:00:00,16-Feb-2023 02:00:00,LEO_LEO
LEO_28 +X_OCT,LEO_29 -X_OCT,16-Feb-2023 00:00:00,16-Feb-2023 02:00:00,LEO_LEO
LEO_29 +X_OCT,LEO_30 -X_OCT,16-Feb-2023 00:00:00,16-Feb-2023 02:00:00,LEO_LEO
LEO_30 +X_OCT,LEO_31 -X_OCT,16-Feb-2023 00:00:00,16-Feb-2023 02:00:00,LEO_LEO
LEO_31 +X_OCT,LEO_32 -X_OCT,16-Feb-2023 00:00:00,16-Feb-2023 02:00:00,LEO_LEO
LEO_33 +X_OCT,LEO_34 -X_OCT,16-Feb-2023 00:00:00,16-Feb-2023 02:00:00,LEO_LEO
LEO_34 +X_OCT,LEO_35 -X_OCT,16-Feb-2023 00:00:00,16-Feb-2023 02:00:00,LEO_LEO
LEO_35 +X_OCT,LEO_36 -X_OCT,16-Feb-2023 00:00:00,16-Feb-2023 02:00:00,LEO_LEO
LEO_36 +X_OCT,LEO_37 -X_OCT,16-Feb-2023 00:00:00,16-Feb-2023 02:00:00,LEO_LEO
LEO_37 +X_OCT,LEO_38 -X_OCT,16-Feb-2023 00:00:00,16-Feb-2023 02:00:00,LEO_LEO
LEO_38 +X_OCT,LEO_39 -X_OCT,16-Feb-2023 00:00:00,16-Feb-2023 02:00:00,LEO_LEO
LEO_39 +X_OCT,LEO_40 -X_OCT,16-Feb-2023 00:00:00,16-Feb-2023 02:00:00,LEO_LEO
LEO_41 +X_OCT,LEO_42 -X_OCT,16-Feb-2023 00:00:00,16-Feb-2023 02:00:00,LEO_LEO
LEO_42 +X_OCT,LEO_43 -X_OCT,16-Feb-2023 00:00:00,16-Feb-2023 02:00:00,LEO_LEO
LEO_43 +X_OCT,LEO_44 -X_OCT,16-Feb-2023 00:00:00,16-Feb-2023 02:00:00,LEO_LEO
LEO_44 +X_OCT,LEO_45 -X_OCT,16-Feb-2023 00:00:00,16-Feb-2023 02:00:00,LEO_LEO
LEO_45 +X_OCT,LEO_46 -X_OCT,16-Feb-2023 00:00:00,16-Feb-2023 02:00:00,LEO_LEO
LEO_46 +X_OCT,LEO_47 -X_OCT,16-Feb-2023 00:00:00,16-Feb-2023 02:00:00,LEO_LEO
LEO_47 +X_OCT,LEO_48 -X_OCT,16-Feb-2023 00:00:00,16-Feb-2023 02:00:00,LEO_LEO
LEO_49 +X_OCT,LEO_50 -X_OCT,16-Feb-2023 00:00:00,16-Feb-2023 02:00:00,LEO_LEO
LEO_50 +X_OCT,LEO_51 -X_OCT,16-Feb-2023 00:00:00,16-Feb-2023 02:00:00,LEO_LEO
LEO_51 +X_OCT,LEO_52 -X_OCT,16-Feb-2023 00:00:00,16-Feb-2023 02:00:00,LEO_LEO
LEO_52 +X_OCT,LEO_53 -X_OCT,16-Feb-2023 00:00:00,16-Feb-2023 02:00:00,LEO_LEO
LEO_53 +X_OCT,LEO_54 -X_OCT,16-Feb-2023 00:00:00,16-Feb-2023 02:00:00,LEO_LEO
LEO_54 +X_OCT,LEO_55 -X_OCT,16-Feb-2023 00:00:00,16-Feb-2023 02:00:00,LEO_LEO
LEO_55 +X_OCT,LEO_56 -X_OCT,16-Feb-2023 00:00:00,16-Feb-2023 02:00:00,LEO_LEO
LEO_57 +X_OCT,LEO_58 -X_OCT,16-Feb-2023 00:00:00,16-Feb-2023 02:00:00,LEO_LEO
LEO_58 +X_OCT,LEO_59 -X_OCT,16-Feb-2023 00:00:00,16-Feb-2023 02:00:00,LEO_LEO
LEO_59 +X_OCT,LEO_60 -X_OCT,16-Feb-2023 00:00:00,16-Feb-2023 02:00:00,LEO_LEO
LEO_60 +X_OCT,LEO_61 -X_OCT,16-Feb-2023 00:00:00,16-Feb-2023 02:00:00,LEO_LEO
LEO_61 +X_OCT,LEO_62 -X_OCT,16-Feb-2023 00:00:00,16-Feb-2023 02:00:00,LEO_LEO
LEO_62 +X_OCT,LEO_63 -X_OCT,16-Feb-2023 00:00:00,16-Feb-2023 02:00:00,LEO_LEO
LEO_63 +X_OCT,LEO_64 -X_OCT,16-Feb-2023 00:00:00,16-Feb-2023 02:00:00,LEO_LEO
LEO_1 -X_OCT,LEO_8 +X_OCT,16-Feb-2023 00:00:00,16-Feb-2023 02:00:00,LEO_LEO
LEO_9 -X_OCT,LEO_16 +X_OCT,16-Feb-2023 00:00:00,16-Feb-2023 02:00:00,LEO_LEO
LEO_17 -X_OCT,LEO_24 +X_OCT,16-Feb-2023 00:00:00,16-Feb-2023 02:00:00,LEO_LEO
LEO_25 -X_OCT,LEO_32 +X_OCT,16-Feb-2023 00:00:00,16-Feb-2023 02:00:00,LEO_LEO
LEO_33 -X_OCT,LEO_40 +X_OCT,16-Feb-2023 00:00:00,16-Feb-2023 02:00:00,LEO_LEO
LEO_41 -X_OCT,LEO_48 +X_OCT,16-Feb-2023 00:00:00,16-Feb-2023 02:00:00,LEO_LEO
LEO_49 -X_OCT,LEO_56 +X_OCT,16-Feb-2023 00:00:00,16-Feb-2023 02:00:00,LEO_LEO
LEO_57 -X_OCT,LEO_64 +X_OCT,16-Feb-2023 00:00:00,16-Feb-2023 02:00:00,LEO_LEO
LEO_39 +Y_OCT,LEO_46 -Y_OCT,16-Feb-2023 00:02:30,16-Feb-2023 00:50:30,LEO_LEO
LEO_35 -Y_OCT,LEO_42 +Y_OCT,16-Feb-2023 00:02:30,16-Feb-2023 00:50:30,LEO_LEO
LEO_43 +Y_OCT,LEO_50 -Y_OCT,16-Feb-2023 00:55:30,16-Feb-2023 01:43:30,LEO_LEO
LEO_47 -Y_OCT,LEO_54 +Y_OCT,16-Feb-2023 00:55:30,16-Feb-2023 01:43:30,LEO_LEO
LEO_50 +Y_OCT,LEO_57 -Y_OCT,16-Feb-2023 01:07:30,16-Feb-2023 01:55:30,LEO_LEO
LEO_54 -Y_OCT,LEO_61 +Y_OCT,16-Feb-2023 01:07:30,16-Feb-2023 01:55:30,LEO_LEO
LEO_46 +Y_OCT,LEO_53 -Y_OCT,16-Feb-2023 00:14:30,16-Feb-2023 01:02:30,LEO_LEO
LEO_42 -Y_OCT,LEO_49 +Y_OCT,16-Feb-2023 00:14:30,16-Feb-2023 01:02:30,LEO_LEO
LEO_36 +Y_OCT,LEO_43 -Y_OCT,16-Feb-2023 00:43:30,16-Feb-2023 01:31:30,LEO_LEO
LEO_40 -Y_OCT,LEO_47 +Y_OCT,16-Feb-2023 00:43:30,16-Feb-2023 01:31:30,LEO_LEO
LEO_53 +Y_OCT,LEO_60 -Y_OCT,16-Feb-2023 00:26:30,16-Feb-2023 01:14:30,LEO_LEO
LEO_49 -Y_OCT,LEO_64 +Y_OCT,16-Feb-2023 00:26:30,16-Feb-2023 01:14:30,LEO_LEO
LEO_29 +Y_OCT,LEO_36 -Y_OCT,16-Feb-2023 00:31:30,16-Feb-2023 01:19:30,LEO_LEO
LEO_25 -Y_OCT,LEO_40 +Y_OCT,16-Feb-2023 00:31:30,16-Feb-2023 01:19:30,LEO_LEO
LEO_8 +Y_OCT,LEO_64 -Y_OCT,16-Feb-2023 00:38:30,16-Feb-2023 01:26:30,LEO_LEO
LEO_4 -Y_OCT,LEO_60 +Y_OCT,16-Feb-2023 00:38:30,16-Feb-2023 01:26:30,LEO_LEO
LEO_22 +Y_OCT,LEO_29 -Y_OCT,16-Feb-2023 00:19:30,16-Feb-2023 01:07:30,LEO_LEO
LEO_18 -Y_OCT,LEO_25 +Y_OCT,16-Feb-2023 00:19:30,16-Feb-2023 01:07:30,LEO_LEO
LEO_4 +Y_OCT,LEO_11 -Y_OCT,16-Feb-2023 00:50:30,16-Feb-2023 01:38:30,LEO_LEO
LEO_8 -Y_OCT,LEO_15 +Y_OCT,16-Feb-2023 00:50:30,16-Feb-2023 01:38:30,LEO_LEO
LEO_19 +Y_OCT,LEO_26 -Y_OCT,16-Feb-2023 01:00:30,16-Feb-2023 01:48:30,LEO_LEO
LEO_23 -Y_OCT,LEO_30 +Y_OCT,16-Feb-2023 01:00:30,16-Feb-2023 01:48:30,LEO_LEO
LEO_7 +Y_OCT,LEO_14 -Y_OCT,16-Feb-2023 00:09:30,16-Feb-2023 00:57:30,LEO_LEO
LEO_3 -Y_OCT,LEO_10 +Y_OCT,16-Feb-2023 00:09:30,16-Feb-2023 00:57:30,LEO_LEO
LEO_12 +Y_OCT,LEO_19 -Y_OCT,16-Feb-2023 00:48:30,16-Feb-2023 01:36:30,LEO_LEO
LEO_16 -Y_OCT,LEO_23 +Y_OCT,16-Feb-2023 00:48:30,16-Feb-2023 01:36:30,LEO_LEO
LEO_14 +Y_OCT,LEO_21 -Y_OCT,16-Feb-2023 00:21:30,16-Feb-2023 01:09:30,LEO_LEO
LEO_10 -Y_OCT,LEO_17 +Y_OCT,16-Feb-2023 00:21:30,16-Feb-2023 01:09:30,LEO_LEO
LEO_5 +Y_OCT,LEO_12 -Y_OCT,16-Feb-2023 00:36:30,16-Feb-2023 01:24:30,LEO_LEO
LEO_1 -Y_OCT,LEO_16 +Y_OCT,16-Feb-2023 00:36:30,16-Feb-2023 01:24:30,LEO_LEO
LEO_21 +Y_OCT,LEO_28 -Y_OCT,16-Feb-2023 00:33:30,16-Feb-2023 01:21:30,LEO_LEO
LEO_17 -Y_OCT,LEO_32 +Y_OCT,16-Feb-2023 00:33:30,16-Feb-2023 01:21:30,LEO_LEO
LEO_6 +Y_OCT,LEO_62 -Y_OCT,16-Feb-2023 01:05:30,16-Feb-2023 01:53:30,LEO_LEO
LEO_2 -Y_OCT,LEO_58 +Y_OCT,16-Feb-2023 01:05:30,16-Feb-2023 01:53:30,LEO_LEO
LEO_26 +Y_OCT,LEO_33 -Y_OCT,16-Feb-2023 01:12:30,16-Feb-2023 02:00:00,LEO_LEO
LEO_30 -Y_OCT,LEO_37 +Y_OCT,16-Feb-2023 01:12:30,16-Feb-2023 02:00:00,LEO_LEO
LEO_31 +Y_OCT,LEO_38 -Y_OCT,16-Feb-2023 00:04:30,16-Feb-2023 00:51:30,LEO_LEO
LEO_27 -Y_OCT,LEO_34 +Y_OCT,16-Feb-2023 00:04:30,16-Feb-2023 00:51:30,LEO_LEO
LEO_51 +Y_OCT,LEO_58 -Y_OCT,16-Feb-2023 00:54:30,16-Feb-2023 01:41:30,LEO_LEO
LEO_55 -Y_OCT,LEO_62 +Y_OCT,16-Feb-2023 00:54:30,16-Feb-2023 01:41:30,LEO_LEO
LEO_38 +Y_OCT,LEO_45 -Y_OCT,16-Feb-2023 00:16:30,16-Feb-2023 01:03:30,LEO_LEO
LEO_34 -Y_OCT,LEO_41 +Y_OCT,16-Feb-2023 00:16:30,16-Feb-2023 01:03:30,LEO_LEO
LEO_44 +Y_OCT,LEO_51 -Y_OCT,16-Feb-2023 00:42:30,16-Feb-2023 01:29:30,LEO_LEO
LEO_48 -Y_OCT,LEO_55 +Y_OCT,16-Feb-2023 00:42:30,16-Feb-2023 01:29:30,LEO_LEO
LEO_45 +Y_OCT,LEO_52 -Y_OCT,16-Feb-2023 00:28:30,16-Feb-2023 01:15:30,LEO_LEO
LEO_41 -Y_OCT,LEO_56 +Y_OCT,16-Feb-2023 00:28:30,16-Feb-2023 01:15:30,LEO_LEO
LEO_52 +Y_OCT,LEO_59 -Y_OCT,16-Feb-2023 00:40:30,16-Feb-2023 01:27:30,LEO_LEO
LEO_56 -Y_OCT,LEO_63 +Y_OCT,16-Feb-2023 00:40:30,16-Feb-2023 01:27:30,LEO_LEO
LEO_13 +Y_OCT,LEO_20 -Y_OCT,16-Feb-2023 00:35:30,16-Feb-2023 01:22:30,LEO_LEO
LEO_9 -Y_OCT,LEO_24 +Y_OCT,16-Feb-2023 00:35:30,16-Feb-2023 01:22:30,LEO_LEO
LEO_15 +Y_OCT,LEO_22 -Y_OCT,16-Feb-2023 00:07:30,16-Feb-2023 00:50:30,LEO_LEO
LEO_11 -Y_OCT,LEO_18 +Y_OCT,16-Feb-2023 00:07:30,16-Feb-2023 00:50:30,LEO_LEO
LEO_11 +Y_OCT,LEO_18 -Y_OCT,16-Feb-2023 01:07:30,16-Feb-2023 01:50:30,LEO_LEO
LEO_15 -Y_OCT,LEO_22 +Y_OCT,16-Feb-2023 01:07:30,16-Feb-2023 01:50:30,LEO_LEO
LEO_5 -Y_OCT,LEO_61 +Y_OCT,16-Feb-2023 00:24:30,16-Feb-2023 01:07:30,LEO_LEO
LEO_1 +Y_OCT,LEO_57 -Y_OCT,16-Feb-2023 00:24:30,16-Feb-2023 01:07:30,LEO_LEO
LEO_28 +Y_OCT,LEO_35 -Y_OCT,16-Feb-2023 00:50:30,16-Feb-2023 01:33:30,LEO_LEO
LEO_32 -Y_OCT,LEO_39 +Y_OCT,16-Feb-2023 00:50:30,16-Feb-2023 01:33:30,LEO_LEO
LEO_54 +Y_OCT,LEO_61 -Y_OCT,16-Feb-2023 00:12:30,16-Feb-2023 00:55:30,LEO_LEO
LEO_50 -Y_OCT,LEO_57 +Y_OCT,16-Feb-2023 00:12:30,16-Feb-2023 00:55:30,LEO_LEO
LEO_34 +Y_OCT,LEO_41 -Y_OCT,16-Feb-2023 01:15:30,16-Feb-2023 01:58:30,LEO_LEO
LEO_38 -Y_OCT,LEO_45 +Y_OCT,16-Feb-2023 01:15:30,16-Feb-2023 01:58:30,LEO_LEO
LEO_27 +Y_OCT,LEO_34 -Y_OCT,16-Feb-2023 01:03:30,16-Feb-2023 01:46:30,LEO_LEO
LEO_31 -Y_OCT,LEO_38 +Y_OCT,16-Feb-2023 01:03:30,16-Feb-2023 01:46:30,LEO_LEO
LEO_6 -Y_OCT,LEO_62 +Y_OCT,16-Feb-2023 00:11:30,16-Feb-2023 00:54:30,LEO_LEO
LEO_2 +Y_OCT,LEO_58 -Y_OCT,16-Feb-2023 00:11:30,16-Feb-2023 00:54:30,LEO_LEO
LEO_20 +Y_OCT,LEO_27 -Y_OCT,16-Feb-2023 00:51:30,16-Feb-2023 01:34:30,LEO_LEO
LEO_24 -Y_OCT,LEO_31 +Y_OCT,16-Feb-2023 00:51:30,16-Feb-2023 01:34:30,LEO_LEO
LEO_55 +Y_OCT,LEO_62 -Y_OCT,16-Feb-2023 00:00:00,16-Feb-2023 00:42:30,LEO_LEO
LEO_51 -Y_OCT,LEO_58 +Y_OCT,16-Feb-2023 00:00:00,16-Feb-2023 00:42:30,LEO_LEO
LEO_35 +Y_OCT,LEO_42 -Y_OCT,16-Feb-2023 01:02:30,16-Feb-2023 01:44:30,LEO_LEO
LEO_39 -Y_OCT,LEO_46 +Y_OCT,16-Feb-2023 01:02:30,16-Feb-2023 01:44:30,LEO_LEO
LEO_47 +Y_OCT,LEO_54 -Y_OCT,16-Feb-2023 00:01:30,16-Feb-2023 00:43:30,LEO_LEO
LEO_43 -Y_OCT,LEO_50 +Y_OCT,16-Feb-2023 00:01:30,16-Feb-2023 00:43:30,LEO_LEO
LEO_42 +Y_OCT,LEO_49 -Y_OCT,16-Feb-2023 01:14:30,16-Feb-2023 01:56:30,LEO_LEO
LEO_46 -Y_OCT,LEO_53 +Y_OCT,16-Feb-2023 01:14:30,16-Feb-2023 01:56:30,LEO_LEO
LEO_37 +Y_OCT,LEO_44 -Y_OCT,16-Feb-2023 00:30:30,16-Feb-2023 01:12:30,LEO_LEO
LEO_33 -Y_OCT,LEO_48 +Y_OCT,16-Feb-2023 00:30:30,16-Feb-2023 01:12:30,LEO_LEO
LEO_30 +Y_OCT,LEO_37 -Y_OCT,16-Feb-2023 00:18:30,16-Feb-2023 01:00:30,LEO_LEO
LEO_26 -Y_OCT,LEO_33 +Y_OCT,16-Feb-2023 00:18:30,16-Feb-2023 01:00:30,LEO_LEO
LEO_3 -Y_OCT,LEO_59 +Y_OCT,16-Feb-2023 00:57:30,16-Feb-2023 01:39:30,LEO_LEO
LEO_7 +Y_OCT,LEO_63 -Y_OCT,16-Feb-2023 00:57:30,16-Feb-2023 01:39:30,LEO_LEO
LEO_23 +Y_OCT,LEO_30 -Y_OCT,16-Feb-2023 00:06:30,16-Feb-2023 00:48:30,LEO_LEO
LEO_19 -Y_OCT,LEO_26 +Y_OCT,16-Feb-2023 00:06:30,16-Feb-2023 00:48:30,LEO_LEO
LEO_3 +Y_OCT,LEO_10 -Y_OCT,16-Feb-2023 01:09:30,16-Feb-2023 01:51:30,LEO_LEO
LEO_7 -Y_OCT,LEO_14 +Y_OCT,16-Feb-2023 01:09:30,16-Feb-2023 01:51:30,LEO_LEO
LEO_2 -Y_OCT,LEO_9 +Y_OCT,16-Feb-2023 00:23:30,16-Feb-2023 01:05:30,LEO_LEO
LEO_6 +Y_OCT,LEO_13 -Y_OCT,16-Feb-2023 00:23:30,16-Feb-2023 01:05:30,LEO_LEO
LEO_7 -Y_OCT,LEO_63 +Y_OCT,16-Feb-2023 00:00:00,16-Feb-2023 00:40:30,LEO_LEO
LEO_3 +Y_OCT,LEO_59 -Y_OCT,16-Feb-2023 00:00:00,16-Feb-2023 00:40:30,LEO_LEO
LEO_18 +Y_OCT,LEO_25 -Y_OCT,16-Feb-2023 01:19:30,16-Feb-2023 02:00:00,LEO_LEO
LEO_22 -Y_OCT,LEO_29 +Y_OCT,16-Feb-2023 01:19:30,16-Feb-2023 02:00:00,LEO_LEO
LEO_4 -Y_OCT,LEO_11 +Y_OCT,16-Feb-2023 00:00:00,16-Feb-2023 00:38:30,LEO_LEO
LEO_8 +Y_OCT,LEO_15 -Y_OCT,16-Feb-2023 00:00:00,16-Feb-2023 00:38:30,LEO_LEO
LEO_10 +Y_OCT,LEO_17 -Y_OCT,16-Feb-2023 01:21:30,16-Feb-2023 02:00:00,LEO_LEO
LEO_14 -Y_OCT,LEO_21 +Y_OCT,16-Feb-2023 01:21:30,16-Feb-2023 02:00:00,LEO_LEO
LEO_2 +Y_OCT,LEO_9 -Y_OCT,16-Feb-2023 01:22:30,16-Feb-2023 02:00:00,LEO_LEO
LEO_6 -Y_OCT,LEO_13 +Y_OCT,16-Feb-2023 01:22:30,16-Feb-2023 02:00:00,LEO_LEO
LEO_16 +Y_OCT,LEO_23 -Y_OCT,16-Feb-2023 00:00:00,16-Feb-2023 00:36:30,LEO_LEO
LEO_12 -Y_OCT,LEO_19 +Y_OCT,16-Feb-2023 00:00:00,16-Feb-2023 00:36:30,LEO_LEO
LEO_1 -Y_OCT,LEO_57 +Y_OCT,16-Feb-2023 01:24:30,16-Feb-2023 02:00:00,LEO_LEO
LEO_5 +Y_OCT,LEO_61 -Y_OCT,16-Feb-2023 01:24:30,16-Feb-2023 02:00:00,LEO_LEO
LEO_24 +Y_OCT,LEO_31 -Y_OCT,16-Feb-2023 00:00:00,16-Feb-2023 00:35:30,LEO_LEO
LEO_20 -Y_OCT,LEO_27 +Y_OCT,16-Feb-2023 00:00:00,16-Feb-2023 00:35:30,LEO_LEO
LEO_32 +Y_OCT,LEO_39 -Y_OCT,16-Feb-2023 00:00:00,16-Feb-2023 00:33:30,LEO_LEO
LEO_28 -Y_OCT,LEO_35 +Y_OCT,16-Feb-2023 00:00:00,16-Feb-2023 00:33:30,LEO_LEO
LEO_53 -Y_OCT,LEO_60 +Y_OCT,16-Feb-2023 01:26:30,16-Feb-2023 02:00:00,LEO_LEO
LEO_49 +Y_OCT,LEO_64 -Y_OCT,16-Feb-2023 01:26:30,16-Feb-2023 02:00:00,LEO_LEO
LEO_41 +Y_OCT,LEO_56 -Y_OCT,16-Feb-2023 01:27:30,16-Feb-2023 02:00:00,LEO_LEO
LEO_45 -Y_OCT,LEO_52 +Y_OCT,16-Feb-2023 01:27:30,16-Feb-2023 02:00:00,LEO_LEO
LEO_40 +Y_OCT,LEO_47 -Y_OCT,16-Feb-2023 00:00:00,16-Feb-2023 00:31:30,LEO_LEO
LEO_36 -Y_OCT,LEO_43 +Y_OCT,16-Feb-2023 00:00:00,16-Feb-2023 00:31:30,LEO_LEO
LEO_33 +Y_OCT,LEO_48 -Y_OCT,16-Feb-2023 01:29:30,16-Feb-2023 02:00:00,LEO_LEO
LEO_37 -Y_OCT,LEO_44 +Y_OCT,16-Feb-2023 01:29:30,16-Feb-2023 02:00:00,LEO_LEO
LEO_48 +Y_OCT,LEO_55 -Y_OCT,16-Feb-2023 00:00:00,16-Feb-2023 00:30:30,LEO_LEO
LEO_44 -Y_OCT,LEO_51 +Y_OCT,16-Feb-2023 00:00:00,16-Feb-2023 00:30:30,LEO_LEO
LEO_56 +Y_OCT,LEO_63 -Y_OCT,16-Feb-2023 00:00:00,16-Feb-2023 00:28:30,LEO_LEO
LEO_52 -Y_OCT,LEO_59 +Y_OCT,16-Feb-2023 00:00:00,16-Feb-2023 00:28:30,LEO_LEO
LEO_25 +Y_OCT,LEO_40 -Y_OCT,16-Feb-2023 01:31:30,16-Feb-2023 02:00:00,LEO_LEO
LEO_29 -Y_OCT,LEO_36 +Y_OCT,16-Feb-2023 01:31:30,16-Feb-2023 02:00:00,LEO_LEO
LEO_8 -Y_OCT,LEO_64 +Y_OCT,16-Feb-2023 00:00:00,16-Feb-2023 00:26:30,LEO_LEO
LEO_4 +Y_OCT,LEO_60 -Y_OCT,16-Feb-2023 00:00:00,16-Feb-2023 00:26:30,LEO_LEO
LEO_17 +Y_OCT,LEO_32 -Y_OCT,16-Feb-2023 01:33:30,16-Feb-2023 02:00:00,LEO_LEO
LEO_21 -Y_OCT,LEO_28 +Y_OCT,16-Feb-2023 01:33:30,16-Feb-2023 02:00:00,LEO_LEO
LEO_9 +Y_OCT,LEO_24 -Y_OCT,16-Feb-2023 01:34:30,16-Feb-2023 02:00:00,LEO_LEO
LEO_13 -Y_OCT,LEO_20 +Y_OCT,16-Feb-2023 01:34:30,16-Feb-2023 02:00:00,LEO_LEO
LEO_1 +Y_OCT,LEO_16 -Y_OCT,16-Feb-2023 00:00:00,16-Feb-2023 00:24:30,LEO_LEO
LEO_5 -Y_OCT,LEO_12 +Y_OCT,16-Feb-2023 00:00:00,16-Feb-2023 00:24:30,LEO_LEO
LEO_1 +Y_OCT,LEO_16 -Y_OCT,16-Feb-2023 01:36:30,16-Feb-2023 02:00:00,LEO_LEO
LEO_5 -Y_OCT,LEO_12 +Y_OCT,16-Feb-2023 01:36:30,16-Feb-2023 02:00:00,LEO_LEO
LEO_13 -Y_OCT,LEO_20 +Y_OCT,16-Feb-2023 00:00:00,16-Feb-2023 00:23:30,LEO_LEO
LEO_9 +Y_OCT,LEO_24 -Y_OCT,16-Feb-2023 00:00:00,16-Feb-2023 00:23:30,LEO_LEO
LEO_17 +Y_OCT,LEO_32 -Y_OCT,16-Feb-2023 00:00:00,16-Feb-2023 00:21:30,LEO_LEO
LEO_21 -Y_OCT,LEO_28 +Y_OCT,16-Feb-2023 00:00:00,16-Feb-2023 00:21:30,LEO_LEO
LEO_8 -Y_OCT,LEO_64 +Y_OCT,16-Feb-2023 01:38:30,16-Feb-2023 02:00:00,LEO_LEO
LEO_4 +Y_OCT,LEO_60 -Y_OCT,16-Feb-2023 01:38:30,16-Feb-2023 02:00:00,LEO_LEO
LEO_56 +Y_OCT,LEO_63 -Y_OCT,16-Feb-2023 01:39:30,16-Feb-2023 02:00:00,LEO_LEO
LEO_52 -Y_OCT,LEO_59 +Y_OCT,16-Feb-2023 01:39:30,16-Feb-2023 02:00:00,LEO_LEO
LEO_25 +Y_OCT,LEO_40 -Y_OCT,16-Feb-2023 00:00:00,16-Feb-2023 00:19:30,LEO_LEO
LEO_29 -Y_OCT,LEO_36 +Y_OCT,16-Feb-2023 00:00:00,16-Feb-2023 00:19:30,LEO_LEO
LEO_33 +Y_OCT,LEO_48 -Y_OCT,16-Feb-2023 00:00:00,16-Feb-2023 00:18:30,LEO_LEO
LEO_37 -Y_OCT,LEO_44 +Y_OCT,16-Feb-2023 00:00:00,16-Feb-2023 00:18:30,LEO_LEO
LEO_48 +Y_OCT,LEO_55 -Y_OCT,16-Feb-2023 01:41:30,16-Feb-2023 02:00:00,LEO_LEO
LEO_44 -Y_OCT,LEO_51 +Y_OCT,16-Feb-2023 01:41:30,16-Feb-2023 02:00:00,LEO_LEO
LEO_41 +Y_OCT,LEO_56 -Y_OCT,16-Feb-2023 00:00:00,16-Feb-2023 00:16:30,LEO_LEO
LEO_45 -Y_OCT,LEO_52 +Y_OCT,16-Feb-2023 00:00:00,16-Feb-2023 00:16:30,LEO_LEO
LEO_40 +Y_OCT,LEO_47 -Y_OCT,16-Feb-2023 01:43:30,16-Feb-2023 02:00:00,LEO_LEO
LEO_36 -Y_OCT,LEO_43 +Y_OCT,16-Feb-2023 01:43:30,16-Feb-2023 02:00:00,LEO_LEO
LEO_32 +Y_OCT,LEO_39 -Y_OCT,16-Feb-2023 01:44:30,16-Feb-2023 02:00:00,LEO_LEO
LEO_28 -Y_OCT,LEO_35 +Y_OCT,16-Feb-2023 01:44:30,16-Feb-2023 02:00:00,LEO_LEO
LEO_49 +Y_OCT,LEO_64 -Y_OCT,16-Feb-2023 00:00:00,16-Feb-2023 00:14:30,LEO_LEO
LEO_53 -Y_OCT,LEO_60 +Y_OCT,16-Feb-2023 00:00:00,16-Feb-2023 00:14:30,LEO_LEO
LEO_24 +Y_OCT,LEO_31 -Y_OCT,16-Feb-2023 01:46:30,16-Feb-2023 02:00:00,LEO_LEO
LEO_20 -Y_OCT,LEO_27 +Y_OCT,16-Feb-2023 01:46:30,16-Feb-2023 02:00:00,LEO_LEO
LEO_1 -Y_OCT,LEO_57 +Y_OCT,16-Feb-2023 00:00:00,16-Feb-2023 00:12:30,LEO_LEO
LEO_5 +Y_OCT,LEO_61 -Y_OCT,16-Feb-2023 00:00:00,16-Feb-2023 00:12:30,LEO_LEO
LEO_21 +Y_OCT,GS11102_OCT,16-Feb-2023 00:00:30,16-Feb-2023 00:12:30,LEO_Ground
LEO_63 +Y_OCT,GS11102_OCT,16-Feb-2023 01:48:30,16-Feb-2023 02:00:00,LEO_Ground
LEO_2 +Y_OCT,LEO_9 -Y_OCT,16-Feb-2023 00:00:00,16-Feb-2023 00:11:30,LEO_LEO
LEO_6 -Y_OCT,LEO_13 +Y_OCT,16-Feb-2023 00:00:00,16-Feb-2023 00:11:30,LEO_LEO
LEO_16 +Y_OCT,LEO_23 -Y_OCT,16-Feb-2023 01:48:30,16-Feb-2023 02:00:00,LEO_LEO
LEO_12 -Y_OCT,LEO_19 +Y_OCT,16-Feb-2023 01:48:30,16-Feb-2023 02:00:00,LEO_LEO
LEO_15 +Y_OCT,LEO_38 +Y_OCT,16-Feb-2023 01:46:30,16-Feb-2023 01:57:30,LEO_LEO
LEO_11 -Y_OCT,LEO_34 -Y_OCT,16-Feb-2023 01:46:30,16-Feb-2023 01:57:30,LEO_LEO
LEO_3 +Y_OCT,LEO_26 +Y_OCT,16-Feb-2023 00:53:30,16-Feb-2023 01:04:30,LEO_LEO
LEO_7 -Y_OCT,LEO_30 -Y_OCT,16-Feb-2023 00:53:30,16-Feb-2023 01:04:30,LEO_LEO
LEO_22 +Y_OCT,LEO_62 +Y_OCT,16-Feb-2023 00:00:30,16-Feb-2023 00:11:30,LEO_LEO
LEO_18 -Y_OCT,LEO_58 -Y_OCT,16-Feb-2023 00:00:30,16-Feb-2023 00:11:30,LEO_LEO
LEO_19 +Y_OCT,LEO_59 +Y_OCT,16-Feb-2023 00:41:30,16-Feb-2023 00:52:30,LEO_LEO
LEO_23 -Y_OCT,LEO_63 -Y_OCT,16-Feb-2023 00:41:30,16-Feb-2023 00:52:30,LEO_LEO
LEO_8 +Y_OCT,LEO_31 +Y_OCT,16-Feb-2023 01:34:30,16-Feb-2023 01:45:30,LEO_LEO
LEO_4 -Y_OCT,LEO_27 -Y_OCT,16-Feb-2023 01:34:30,16-Feb-2023 01:45:30,LEO_LEO
LEO_10 +Y_OCT,LEO_33 +Y_OCT,16-Feb-2023 01:05:30,16-Feb-2023 01:16:30,LEO_LEO
LEO_14 -Y_OCT,LEO_37 -Y_OCT,16-Feb-2023 01:05:30,16-Feb-2023 01:16:30,LEO_LEO
LEO_6 +Y_OCT,LEO_29 +Y_OCT,16-Feb-2023 00:12:30,16-Feb-2023 00:23:30,LEO_LEO
LEO_2 -Y_OCT,LEO_25 -Y_OCT,16-Feb-2023 00:12:30,16-Feb-2023 00:23:30,LEO_LEO
LEO_12 +Y_OCT,LEO_52 +Y_OCT,16-Feb-2023 00:29:30,16-Feb-2023 00:40:30,LEO_LEO
LEO_16 -Y_OCT,LEO_56 -Y_OCT,16-Feb-2023 00:29:30,16-Feb-2023 00:40:30,LEO_LEO
LEO_24 +Y_OCT,LEO_64 +Y_OCT,16-Feb-2023 01:22:30,16-Feb-2023 01:33:30,LEO_LEO
LEO_20 -Y_OCT,LEO_60 -Y_OCT,16-Feb-2023 01:22:30,16-Feb-2023 01:33:30,LEO_LEO
LEO_17 +Y_OCT,LEO_48 +Y_OCT,16-Feb-2023 01:17:30,16-Feb-2023 01:28:30,LEO_LEO
LEO_21 -Y_OCT,LEO_44 -Y_OCT,16-Feb-2023 01:17:30,16-Feb-2023 01:28:30,LEO_LEO
LEO_13 +Y_OCT,LEO_36 +Y_OCT,16-Feb-2023 00:24:30,16-Feb-2023 00:35:30,LEO_LEO
LEO_9 -Y_OCT,LEO_40 -Y_OCT,16-Feb-2023 00:24:30,16-Feb-2023 00:35:30,LEO_LEO
LEO_5 +Y_OCT,LEO_45 +Y_OCT,16-Feb-2023 00:17:30,16-Feb-2023 00:28:30,LEO_LEO
LEO_1 -Y_OCT,LEO_41 -Y_OCT,16-Feb-2023 00:17:30,16-Feb-2023 00:28:30,LEO_LEO
LEO_9 +Y_OCT,LEO_49 +Y_OCT,16-Feb-2023 01:10:30,16-Feb-2023 01:21:30,LEO_LEO
LEO_13 -Y_OCT,LEO_53 -Y_OCT,16-Feb-2023 01:10:30,16-Feb-2023 01:21:30,LEO_LEO
LEO_32 +Y_OCT,LEO_55 +Y_OCT,16-Feb-2023 01:29:30,16-Feb-2023 01:40:30,LEO_LEO
LEO_28 -Y_OCT,LEO_51 -Y_OCT,16-Feb-2023 01:29:30,16-Feb-2023 01:40:30,LEO_LEO
LEO_20 +Y_OCT,LEO_43 +Y_OCT,16-Feb-2023 00:36:30,16-Feb-2023 00:47:30,LEO_LEO
LEO_24 -Y_OCT,LEO_47 -Y_OCT,16-Feb-2023 00:36:30,16-Feb-2023 00:47:30,LEO_LEO
LEO_38 +Y_OCT,LEO_61 +Y_OCT,16-Feb-2023 00:05:30,16-Feb-2023 00:16:30,LEO_LEO
LEO_34 -Y_OCT,LEO_57 -Y_OCT,16-Feb-2023 00:05:30,16-Feb-2023 00:16:30,LEO_LEO
LEO_2 +Y_OCT,LEO_42 +Y_OCT,16-Feb-2023 00:58:30,16-Feb-2023 01:09:30,LEO_LEO
LEO_6 -Y_OCT,LEO_46 -Y_OCT,16-Feb-2023 00:58:30,16-Feb-2023 01:09:30,LEO_LEO
LEO_39 +Y_OCT,LEO_62 +Y_OCT,16-Feb-2023 01:41:30,16-Feb-2023 01:52:30,LEO_LEO
LEO_35 -Y_OCT,LEO_58 -Y_OCT,16-Feb-2023 01:41:30,16-Feb-2023 01:52:30,LEO_LEO
LEO_27 +Y_OCT,LEO_50 +Y_OCT,16-Feb-2023 00:48:30,16-Feb-2023 00:59:30,LEO_LEO
LEO_31 -Y_OCT,LEO_54 -Y_OCT,16-Feb-2023 00:48:30,16-Feb-2023 00:59:30,LEO_LEO
LEO_35 +Y_OCT,LEO_58 +Y_OCT,16-Feb-2023 00:46:30,16-Feb-2023 00:57:30,LEO_LEO
LEO_39 -Y_OCT,LEO_62 -Y_OCT,16-Feb-2023 00:46:30,16-Feb-2023 00:57:30,LEO_LEO
LEO_7 +Y_OCT,LEO_47 +Y_OCT,16-Feb-2023 01:39:30,16-Feb-2023 01:50:30,LEO_LEO
LEO_3 -Y_OCT,LEO_43 -Y_OCT,16-Feb-2023 01:39:30,16-Feb-2023 01:50:30,LEO_LEO
LEO_34 +Y_OCT,LEO_57 +Y_OCT,16-Feb-2023 01:00:30,16-Feb-2023 01:11:30,LEO_LEO
LEO_38 -Y_OCT,LEO_61 -Y_OCT,16-Feb-2023 01:00:30,16-Feb-2023 01:11:30,LEO_LEO
LEO_30 +Y_OCT,LEO_53 +Y_OCT,16-Feb-2023 00:07:30,16-Feb-2023 00:18:30,LEO_LEO
LEO_26 -Y_OCT,LEO_49 -Y_OCT,16-Feb-2023 00:07:30,16-Feb-2023 00:18:30,LEO_LEO
LEO_28 +Y_OCT,LEO_51 +Y_OCT,16-Feb-2023 00:34:30,16-Feb-2023 00:45:30,LEO_LEO
LEO_32 -Y_OCT,LEO_55 -Y_OCT,16-Feb-2023 00:34:30,16-Feb-2023 00:45:30,LEO_LEO
LEO_40 +Y_OCT,LEO_63 +Y_OCT,16-Feb-2023 01:27:30,16-Feb-2023 01:38:30,LEO_LEO
LEO_36 -Y_OCT,LEO_59 -Y_OCT,16-Feb-2023 01:27:30,16-Feb-2023 01:38:30,LEO_LEO
LEO_1 +Y_OCT,LEO_41 +Y_OCT,16-Feb-2023 01:12:30,16-Feb-2023 01:23:30,LEO_LEO
LEO_5 -Y_OCT,LEO_45 -Y_OCT,16-Feb-2023 01:12:30,16-Feb-2023 01:23:30,LEO_LEO
LEO_37 +Y_OCT,LEO_60 +Y_OCT,16-Feb-2023 00:19:30,16-Feb-2023 00:30:30,LEO_LEO
LEO_33 -Y_OCT,LEO_64 -Y_OCT,16-Feb-2023 00:19:30,16-Feb-2023 00:30:30,LEO_LEO
LEO_21 +Y_OCT,LEO_44 +Y_OCT,16-Feb-2023 00:22:30,16-Feb-2023 00:33:30,LEO_LEO
LEO_17 -Y_OCT,LEO_48 -Y_OCT,16-Feb-2023 00:22:30,16-Feb-2023 00:33:30,LEO_LEO
LEO_25 +Y_OCT,LEO_56 +Y_OCT,16-Feb-2023 01:15:30,16-Feb-2023 01:26:30,LEO_LEO
LEO_29 -Y_OCT,LEO_52 -Y_OCT,16-Feb-2023 01:15:30,16-Feb-2023 01:26:30,LEO_LEO
LEO_23 +Y_OCT,LEO_46 +Y_OCT,16-Feb-2023 01:44:30,16-Feb-2023 01:55:30,LEO_LEO
LEO_19 -Y_OCT,LEO_42 -Y_OCT,16-Feb-2023 01:44:30,16-Feb-2023 01:55:30,LEO_LEO
LEO_10 -Y_OCT,LEO_50 -Y_OCT,16-Feb-2023 00:02:30,16-Feb-2023 00:12:30,LEO_LEO
LEO_14 +Y_OCT,LEO_54 +Y_OCT,16-Feb-2023 00:02:30,16-Feb-2023 00:12:30,LEO_LEO
LEO_14 -Y_OCT,GS11101_OGT,16-Feb-2023 00:00:00,16-Feb-2023 00:09:30,LEO_Ground
LEO_10 +Y_OCT,LEO_17 -Y_OCT,16-Feb-2023 00:00:00,16-Feb-2023 00:09:30,LEO_LEO
LEO_8 +Y_OCT,LEO_15 -Y_OCT,16-Feb-2023 01:50:30,16-Feb-2023 02:00:00,LEO_LEO
LEO_4 -Y_OCT,LEO_11 +Y_OCT,16-Feb-2023 01:50:30,16-Feb-2023 02:00:00,LEO_LEO
LEO_12 -Y_OCT,LEO_52 -Y_OCT,16-Feb-2023 01:26:30,16-Feb-2023 01:35:30,LEO_LEO
LEO_16 +Y_OCT,LEO_56 +Y_OCT,16-Feb-2023 01:26:30,16-Feb-2023 01:35:30,LEO_LEO
LEO_8 -Y_OCT,LEO_48 -Y_OCT,16-Feb-2023 00:33:30,16-Feb-2023 00:42:30,LEO_LEO
LEO_4 +Y_OCT,LEO_44 +Y_OCT,16-Feb-2023 00:33:30,16-Feb-2023 00:42:30,LEO_LEO
LEO_22 -Y_OCT,LEO_45 -Y_OCT,16-Feb-2023 01:03:30,16-Feb-2023 01:12:30,LEO_LEO
LEO_18 +Y_OCT,LEO_41 +Y_OCT,16-Feb-2023 01:03:30,16-Feb-2023 01:12:30,LEO_LEO
LEO_15 -Y_OCT,LEO_55 -Y_OCT,16-Feb-2023 00:45:30,16-Feb-2023 00:54:30,LEO_LEO
LEO_11 +Y_OCT,LEO_51 +Y_OCT,16-Feb-2023 00:45:30,16-Feb-2023 00:54:30,LEO_LEO
LEO_3 -Y_OCT,LEO_26 -Y_OCT,16-Feb-2023 01:50:30,16-Feb-2023 01:59:30,LEO_LEO
LEO_7 +Y_OCT,LEO_30 +Y_OCT,16-Feb-2023 01:50:30,16-Feb-2023 01:59:30,LEO_LEO
LEO_7 -Y_OCT,GS11101_OGT,16-Feb-2023 01:51:30,16-Feb-2023 02:00:00,LEO_Ground
LEO_3 +Y_OCT,LEO_59 -Y_OCT,16-Feb-2023 01:51:30,16-Feb-2023 02:00:00,LEO_LEO
LEO_14 +Y_OCT,LEO_54 +Y_OCT,16-Feb-2023 01:51:30,16-Feb-2023 02:00:00,LEO_LEO
LEO_10 -Y_OCT,LEO_50 -Y_OCT,16-Feb-2023 01:51:30,16-Feb-2023 02:00:00,LEO_LEO
LEO_2 -Y_OCT,LEO_42 -Y_OCT,16-Feb-2023 00:04:30,16-Feb-2023 00:12:30,LEO_LEO
LEO_6 +Y_OCT,LEO_46 +Y_OCT,16-Feb-2023 00:04:30,16-Feb-2023 00:12:30,LEO_LEO
LEO_18 +Y_OCT,LEO_25 -Y_OCT,16-Feb-2023 00:00:00,16-Feb-2023 00:07:30,LEO_LEO
LEO_22 -Y_OCT,LEO_29 +Y_OCT,16-Feb-2023 00:00:00,16-Feb-2023 00:07:30,LEO_LEO
LEO_18 -Y_OCT,LEO_58 -Y_OCT,16-Feb-2023 01:52:30,16-Feb-2023 02:00:00,LEO_LEO
LEO_22 +Y_OCT,LEO_62 +Y_OCT,16-Feb-2023 01:52:30,16-Feb-2023 02:00:00,LEO_LEO
LEO_3 -Y_OCT,LEO_26 -Y_OCT,16-Feb-2023 00:00:00,16-Feb-2023 00:07:30,LEO_LEO
LEO_7 +Y_OCT,LEO_30 +Y_OCT,16-Feb-2023 00:00:00,16-Feb-2023 00:07:30,LEO_LEO
LEO_4 +Z_OCT,GS07061_OGT,16-Feb-2023 00:05:30,16-Feb-2023 00:12:30,LEO_Ground
LEO_61 +Z_OCT,GS11102_OCT,16-Feb-2023 00:25:30,16-Feb-2023 00:32:30,LEO_Ground
LEO_22 +Z_OCT,GS11101_OGT,16-Feb-2023 01:42:30,16-Feb-2023 01:49:30,LEO_Ground
LEO_54 +Z_OCT,GS02011_OGT,16-Feb-2023 01:28:30,16-Feb-2023 01:35:30,LEO_Ground
LEO_59 +Z_OCT,GS12111_OGT,16-Feb-2023 00:57:30,16-Feb-2023 01:04:30,LEO_Ground
LEO_19 +Z_OCT,GS12111_OGT,16-Feb-2023 00:28:30,16-Feb-2023 00:35:30,LEO_Ground
LEO_58 +Z_OCT,GS12112_OCT,16-Feb-2023 01:11:30,16-Feb-2023 01:18:30,LEO_Ground
LEO_14 +Y_OCT,LEO_37 +Y_OCT,16-Feb-2023 00:12:30,16-Feb-2023 00:19:30,LEO_LEO
LEO_10 -Y_OCT,LEO_33 -Y_OCT,16-Feb-2023 00:12:30,16-Feb-2023 00:19:30,LEO_LEO
LEO_26 +Y_OCT,LEO_33 -Y_OCT,16-Feb-2023 00:00:00,16-Feb-2023 00:06:30,LEO_LEO
LEO_30 -Y_OCT,LEO_37 +Y_OCT,16-Feb-2023 00:00:00,16-Feb-2023 00:06:30,LEO_LEO
LEO_51 -Y_OCT,LEO_58 +Y_OCT,16-Feb-2023 01:53:30,16-Feb-2023 02:00:00,LEO_LEO
LEO_55 +Y_OCT,LEO_62 -Y_OCT,16-Feb-2023 01:53:30,16-Feb-2023 02:00:00,LEO_LEO
LEO_34 +Z_OCT,GS07062_OCT,16-Feb-2023 01:31:30,16-Feb-2023 01:37:30,LEO_Ground
LEO_55 +Z_OCT,GS01001_OGT,16-Feb-2023 01:12:30,16-Feb-2023 01:18:30,LEO_Ground
LEO_17 +Z_OCT,GS12112_OCT,16-Feb-2023 00:57:30,16-Feb-2023 01:03:30,LEO_Ground
LEO_18 +Z_OCT,GS12111_OGT,16-Feb-2023 00:43:30,16-Feb-2023 00:49:30,LEO_Ground
LEO_24 +Z_OCT,GS01001_OGT,16-Feb-2023 00:03:30,16-Feb-2023 00:09:30,LEO_Ground
LEO_57 +Z_OCT,GS12112_OCT,16-Feb-2023 01:26:30,16-Feb-2023 01:32:30,LEO_Ground
LEO_60 +Z_OCT,GS11101_OGT,16-Feb-2023 00:40:30,16-Feb-2023 00:46:30,LEO_Ground
LEO_35 +Z_OCT,GS07061_OGT,16-Feb-2023 01:16:30,16-Feb-2023 01:22:30,LEO_Ground
LEO_23 +Z_OCT,GS11101_OGT,16-Feb-2023 01:28:30,16-Feb-2023 01:34:30,LEO_Ground
LEO_3 +Z_OCT,GS07061_OGT,16-Feb-2023 00:20:30,16-Feb-2023 00:26:30,LEO_Ground
LEO_23 +Z_OCT,GS01001_OGT,16-Feb-2023 00:17:30,16-Feb-2023 00:23:30,LEO_Ground
LEO_56 +Z_OCT,GS02011_OGT,16-Feb-2023 01:00:30,16-Feb-2023 01:06:30,LEO_Ground
LEO_33 +Z_OCT,GS07062_OCT,16-Feb-2023 01:45:30,16-Feb-2023 01:51:30,LEO_Ground
LEO_62 +Z_OCT,GS11101_OGT,16-Feb-2023 00:11:30,16-Feb-2023 00:17:30,LEO_Ground
LEO_12 +Z_OCT,GS06052_OCT,16-Feb-2023 01:47:30,16-Feb-2023 01:53:30,LEO_Ground
LEO_24 +Z_OCT,GS11102_OCT,16-Feb-2023 01:14:30,16-Feb-2023 01:20:30,LEO_Ground
LEO_20 +Z_OCT,GS12112_OCT,16-Feb-2023 00:14:30,16-Feb-2023 00:20:30,LEO_Ground
LEO_53 +Z_OCT,GS02011_OGT,16-Feb-2023 01:43:30,16-Feb-2023 01:49:30,LEO_Ground
LEO_25 -Y_OCT,LEO_56 -Y_OCT,16-Feb-2023 00:23:30,16-Feb-2023 00:29:30,LEO_LEO
LEO_29 +Y_OCT,LEO_52 +Y_OCT,16-Feb-2023 00:23:30,16-Feb-2023 00:29:30,LEO_LEO
LEO_37 -Y_OCT,LEO_60 -Y_OCT,16-Feb-2023 01:16:30,16-Feb-2023 01:22:30,LEO_LEO
LEO_33 +Y_OCT,LEO_64 +Y_OCT,16-Feb-2023 01:16:30,16-Feb-2023 01:22:30,LEO_LEO
LEO_4 -Y_OCT,LEO_44 -Y_OCT,16-Feb-2023 01:28:30,16-Feb-2023 01:34:30,LEO_LEO
LEO_8 +Y_OCT,LEO_48 +Y_OCT,16-Feb-2023 01:28:30,16-Feb-2023 01:34:30,LEO_LEO
LEO_40 -Y_OCT,LEO_63 -Y_OCT,16-Feb-2023 00:35:30,16-Feb-2023 00:41:30,LEO_LEO
LEO_36 +Y_OCT,LEO_59 +Y_OCT,16-Feb-2023 00:35:30,16-Feb-2023 00:41:30,LEO_LEO
LEO_18 -Y_OCT,LEO_41 -Y_OCT,16-Feb-2023 00:11:30,16-Feb-2023 00:17:30,LEO_LEO
LEO_22 +Y_OCT,LEO_45 +Y_OCT,16-Feb-2023 00:11:30,16-Feb-2023 00:17:30,LEO_LEO
LEO_30 -Y_OCT,LEO_53 -Y_OCT,16-Feb-2023 01:04:30,16-Feb-2023 01:10:30,LEO_LEO
LEO_26 +Y_OCT,LEO_49 +Y_OCT,16-Feb-2023 01:04:30,16-Feb-2023 01:10:30,LEO_LEO
LEO_11 -Y_OCT,LEO_51 -Y_OCT,16-Feb-2023 01:40:30,16-Feb-2023 01:46:30,LEO_LEO
LEO_15 +Y_OCT,LEO_55 +Y_OCT,16-Feb-2023 01:40:30,16-Feb-2023 01:46:30,LEO_LEO
LEO_7 -Y_OCT,LEO_47 -Y_OCT,16-Feb-2023 00:47:30,16-Feb-2023 00:53:30,LEO_LEO
LEO_3 +Y_OCT,LEO_43 +Y_OCT,16-Feb-2023 00:47:30,16-Feb-2023 00:53:30,LEO_LEO
LEO_23 -Y_OCT,LEO_46 -Y_OCT,16-Feb-2023 00:52:30,16-Feb-2023 00:58:30,LEO_LEO
LEO_19 +Y_OCT,LEO_42 +Y_OCT,16-Feb-2023 00:52:30,16-Feb-2023 00:58:30,LEO_LEO
LEO_27 -Y_OCT,LEO_50 -Y_OCT,16-Feb-2023 01:45:30,16-Feb-2023 01:51:30,LEO_LEO
LEO_31 +Y_OCT,LEO_54 +Y_OCT,16-Feb-2023 01:45:30,16-Feb-2023 01:51:30,LEO_LEO
LEO_14 -Y_OCT,LEO_54 -Y_OCT,16-Feb-2023 00:59:30,16-Feb-2023 01:05:30,LEO_LEO
LEO_10 +Y_OCT,LEO_50 +Y_OCT,16-Feb-2023 00:59:30,16-Feb-2023 01:05:30,LEO_LEO
LEO_16 -Y_OCT,LEO_39 -Y_OCT,16-Feb-2023 00:40:30,16-Feb-2023 00:46:30,LEO_LEO
LEO_12 +Y_OCT,LEO_35 +Y_OCT,16-Feb-2023 00:40:30,16-Feb-2023 00:46:30,LEO_LEO
LEO_20 -Y_OCT,LEO_43 -Y_OCT,16-Feb-2023 01:33:30,16-Feb-2023 01:39:30,LEO_LEO
LEO_24 +Y_OCT,LEO_47 +Y_OCT,16-Feb-2023 01:33:30,16-Feb-2023 01:39:30,LEO_LEO
LEO_21 -Y_OCT,LEO_61 -Y_OCT,16-Feb-2023 01:11:30,16-Feb-2023 01:17:30,LEO_LEO
LEO_17 +Y_OCT,LEO_57 +Y_OCT,16-Feb-2023 01:11:30,16-Feb-2023 01:17:30,LEO_LEO
LEO_9 -Y_OCT,LEO_49 -Y_OCT,16-Feb-2023 00:18:30,16-Feb-2023 00:24:30,LEO_LEO
LEO_13 +Y_OCT,LEO_53 +Y_OCT,16-Feb-2023 00:18:30,16-Feb-2023 00:24:30,LEO_LEO
LEO_1 -Y_OCT,LEO_32 -Y_OCT,16-Feb-2023 00:28:30,16-Feb-2023 00:34:30,LEO_LEO
LEO_5 +Y_OCT,LEO_28 +Y_OCT,16-Feb-2023 00:28:30,16-Feb-2023 00:34:30,LEO_LEO
LEO_13 -Y_OCT,LEO_36 -Y_OCT,16-Feb-2023 01:21:30,16-Feb-2023 01:27:30,LEO_LEO
LEO_9 +Y_OCT,LEO_40 +Y_OCT,16-Feb-2023 01:21:30,16-Feb-2023 01:27:30,LEO_LEO
LEO_5 -Y_OCT,LEO_28 -Y_OCT,16-Feb-2023 01:23:30,16-Feb-2023 01:29:30,LEO_LEO
LEO_1 +Y_OCT,LEO_32 +Y_OCT,16-Feb-2023 01:23:30,16-Feb-2023 01:29:30,LEO_LEO
LEO_24 -Y_OCT,LEO_64 -Y_OCT,16-Feb-2023 00:30:30,16-Feb-2023 00:36:30,LEO_LEO
LEO_20 +Y_OCT,LEO_60 +Y_OCT,16-Feb-2023 00:30:30,16-Feb-2023 00:36:30,LEO_LEO
LEO_17 -Y_OCT,LEO_57 -Y_OCT,16-Feb-2023 00:16:30,16-Feb-2023 00:22:30,LEO_LEO
LEO_21 +Y_OCT,LEO_61 +Y_OCT,16-Feb-2023 00:16:30,16-Feb-2023 00:22:30,LEO_LEO
LEO_6 -Y_OCT,LEO_29 -Y_OCT,16-Feb-2023 01:09:30,16-Feb-2023 01:15:30,LEO_LEO
LEO_2 +Y_OCT,LEO_25 +Y_OCT,16-Feb-2023 01:09:30,16-Feb-2023 01:15:30,LEO_LEO
LEO_19 -Y_OCT,LEO_59 -Y_OCT,16-Feb-2023 01:38:30,16-Feb-2023 01:44:30,LEO_LEO
LEO_23 +Y_OCT,LEO_63 +Y_OCT,16-Feb-2023 01:38:30,16-Feb-2023 01:44:30,LEO_LEO
LEO_11 +Y_OCT,LEO_34 +Y_OCT,16-Feb-2023 00:54:30,16-Feb-2023 01:00:30,LEO_LEO
LEO_15 -Y_OCT,LEO_38 -Y_OCT,16-Feb-2023 00:54:30,16-Feb-2023 01:00:30,LEO_LEO
LEO_18 +Y_OCT,LEO_58 +Y_OCT,16-Feb-2023 00:57:30,16-Feb-2023 01:03:30,LEO_LEO
LEO_22 -Y_OCT,LEO_62 -Y_OCT,16-Feb-2023 00:57:30,16-Feb-2023 01:03:30,LEO_LEO
LEO_4 +Y_OCT,LEO_27 +Y_OCT,16-Feb-2023 00:42:30,16-Feb-2023 00:48:30,LEO_LEO
LEO_8 -Y_OCT,LEO_31 -Y_OCT,16-Feb-2023 00:42:30,16-Feb-2023 00:48:30,LEO_LEO
LEO_16 +Y_OCT,LEO_39 +Y_OCT,16-Feb-2023 01:35:30,16-Feb-2023 01:41:30,LEO_LEO
LEO_12 -Y_OCT,LEO_35 -Y_OCT,16-Feb-2023 01:35:30,16-Feb-2023 01:41:30,LEO_LEO
LEO_11 -Y_OCT,LEO_34 -Y_OCT,16-Feb-2023 00:00:00,16-Feb-2023 00:05:30,LEO_LEO
LEO_15 +Y_OCT,LEO_38 +Y_OCT,16-Feb-2023 00:00:00,16-Feb-2023 00:05:30,LEO_LEO
LEO_22 +Z_OCT,GS01001_OGT,16-Feb-2023 00:32:30,16-Feb-2023 00:37:30,LEO_Ground
LEO_36 +Z_OCT,GS07061_OGT,16-Feb-2023 01:02:30,16-Feb-2023 01:07:30,LEO_Ground
LEO_49 +Z_OCT,GS01001_OGT,16-Feb-2023 00:44:30,16-Feb-2023 00:49:30,LEO_Ground
LEO_64 +Z_OCT,GS12112_OCT,16-Feb-2023 01:41:30,16-Feb-2023 01:46:30,LEO_Ground
LEO_2 +Z_OCT,GS07061_OGT,16-Feb-2023 00:35:30,16-Feb-2023 00:40:30,LEO_Ground
LEO_13 +Z_OCT,GS06052_OCT,16-Feb-2023 01:33:30,16-Feb-2023 01:38:30,LEO_Ground
LEO_19 +Y_OCT,GS11102_OCT,16-Feb-2023 00:36:30,16-Feb-2023 00:41:30,LEO_Ground
LEO_64 +Y_OCT,GS11102_OCT,16-Feb-2023 01:33:30,16-Feb-2023 01:38:30,LEO_Ground
LEO_34 +Y_OCT,LEO_41 -Y_OCT,16-Feb-2023 00:00:00,16-Feb-2023 00:04:30,LEO_LEO
LEO_38 -Y_OCT,LEO_45 +Y_OCT,16-Feb-2023 00:00:00,16-Feb-2023 00:04:30,LEO_LEO
LEO_47 +Y_OCT,LEO_54 -Y_OCT,16-Feb-2023 01:55:30,16-Feb-2023 02:00:00,LEO_LEO
LEO_43 -Y_OCT,LEO_50 +Y_OCT,16-Feb-2023 01:55:30,16-Feb-2023 02:00:00,LEO_LEO
LEO_2 -Y_OCT,LEO_42 -Y_OCT,16-Feb-2023 01:55:30,16-Feb-2023 02:00:00,LEO_LEO
LEO_6 +Y_OCT,LEO_46 +Y_OCT,16-Feb-2023 01:55:30,16-Feb-2023 02:00:00,LEO_LEO
LEO_23 +Y_OCT,LEO_46 +Y_OCT,16-Feb-2023 00:00:00,16-Feb-2023 00:04:30,LEO_LEO
LEO_19 -Y_OCT,LEO_42 -Y_OCT,16-Feb-2023 00:00:00,16-Feb-2023 00:04:30,LEO_LEO
LEO_21 +Z_OCT,GS12111_OGT,16-Feb-2023 00:01:30,16-Feb-2023 00:05:30,LEO_Ground
LEO_21 +Z_OCT,GS01002_OCT,16-Feb-2023 00:47:30,16-Feb-2023 00:51:30,LEO_Ground
LEO_37 +Z_OCT,GS07061_OGT,16-Feb-2023 00:48:30,16-Feb-2023 00:52:30,LEO_Ground
LEO_50 +Z_OCT,GS01002_OCT,16-Feb-2023 00:30:30,16-Feb-2023 00:34:30,LEO_Ground
LEO_57 +Y_OCT,GS11101_OGT,16-Feb-2023 01:20:30,16-Feb-2023 01:24:30,LEO_Ground
LEO_18 +Y_OCT,GS11102_OCT,16-Feb-2023 00:50:30,16-Feb-2023 00:54:30,LEO_Ground
LEO_22 -Y_OCT,LEO_63 -Y_OCT,16-Feb-2023 00:52:30,16-Feb-2023 00:56:30,LEO_LEO
LEO_15 -Y_OCT,LEO_37 -Y_OCT,16-Feb-2023 01:01:30,16-Feb-2023 01:05:30,LEO_LEO
LEO_11 +Y_OCT,LEO_33 +Y_OCT,16-Feb-2023 01:01:30,16-Feb-2023 01:05:30,LEO_LEO
LEO_22 -Y_OCT,LEO_44 -Y_OCT,16-Feb-2023 01:13:30,16-Feb-2023 01:17:30,LEO_LEO
LEO_18 +Y_OCT,LEO_48 +Y_OCT,16-Feb-2023 01:13:30,16-Feb-2023 01:17:30,LEO_LEO
LEO_52 +Z_OCT,GS01001_OGT,16-Feb-2023 01:56:30,16-Feb-2023 02:00:00,LEO_Ground
LEO_63 +Z_OCT,GS12112_OCT,16-Feb-2023 01:56:30,16-Feb-2023 02:00:00,LEO_Ground
LEO_39 +Y_OCT,LEO_46 -Y_OCT,16-Feb-2023 01:56:30,16-Feb-2023 02:00:00,LEO_LEO
LEO_35 -Y_OCT,LEO_42 +Y_OCT,16-Feb-2023 01:56:30,16-Feb-2023 02:00:00,LEO_LEO
LEO_60 +Z_OCT,GS12112_OCT,16-Feb-2023 00:46:30,16-Feb-2023 00:49:30,LEO_Ground
LEO_25 +Z_OCT,GS06052_OCT,16-Feb-2023 00:05:30,16-Feb-2023 00:08:30,LEO_Ground
LEO_59 +Z_OCT,GS11102_OCT,16-Feb-2023 00:54:30,16-Feb-2023 00:57:30,LEO_Ground
LEO_20 +Y_OCT,GS11101_OGT,16-Feb-2023 00:23:30,16-Feb-2023 00:26:30,LEO_Ground
LEO_39 -Y_OCT,LEO_61 -Y_OCT,16-Feb-2023 00:57:30,16-Feb-2023 01:00:30,LEO_LEO
LEO_35 +Y_OCT,LEO_57 +Y_OCT,16-Feb-2023 00:57:30,16-Feb-2023 01:00:30,LEO_LEO
LEO_32 -Y_OCT,LEO_54 -Y_OCT,16-Feb-2023 00:45:30,16-Feb-2023 00:48:30,LEO_LEO
LEO_28 +Y_OCT,LEO_50 +Y_OCT,16-Feb-2023 00:45:30,16-Feb-2023 00:48:30,LEO_LEO
LEO_5 -Y_OCT,LEO_46 -Y_OCT,16-Feb-2023 01:09:30,16-Feb-2023 01:12:30,LEO_LEO
LEO_1 +Y_OCT,LEO_42 +Y_OCT,16-Feb-2023 01:09:30,16-Feb-2023 01:12:30,LEO_LEO
LEO_42 +Y_OCT,LEO_49 -Y_OCT,16-Feb-2023 00:00:00,16-Feb-2023 00:02:30,LEO_LEO
LEO_46 -Y_OCT,LEO_53 +Y_OCT,16-Feb-2023 00:00:00,16-Feb-2023 00:02:30,LEO_LEO
LEO_34 -Y_OCT,LEO_57 -Y_OCT,16-Feb-2023 01:57:30,16-Feb-2023 02:00:00,LEO_LEO
LEO_38 +Y_OCT,LEO_61 +Y_OCT,16-Feb-2023 01:57:30,16-Feb-2023 02:00:00,LEO_LEO
LEO_31 +Y_OCT,LEO_54 +Y_OCT,16-Feb-2023 00:00:00,16-Feb-2023 00:02:30,LEO_LEO
LEO_27 -Y_OCT,LEO_50 -Y_OCT,16-Feb-2023 00:00:00,16-Feb-2023 00:02:30,LEO_LEO
LEO_55 +Z_OCT,GS02011_OGT,16-Feb-2023 01:18:30,16-Feb-2023 01:20:30,LEO_Ground
LEO_24 +Z_OCT,GS12111_OGT,16-Feb-2023 01:12:30,16-Feb-2023 01:14:30,LEO_Ground
LEO_49 +Z_OCT,GS02011_OGT,16-Feb-2023 00:49:30,16-Feb-2023 00:51:30,LEO_Ground
LEO_3 +Z_OCT,GS06051_OGT,16-Feb-2023 00:18:30,16-Feb-2023 00:20:30,LEO_Ground
LEO_17 +Z_OCT,GS11102_OCT,16-Feb-2023 01:03:30,16-Feb-2023 01:05:30,LEO_Ground
LEO_53 +Z_OCT,GS01001_OGT,16-Feb-2023 01:41:30,16-Feb-2023 01:43:30,LEO_Ground
LEO_56 +Z_OCT,GS01001_OGT,16-Feb-2023 00:58:30,16-Feb-2023 01:00:30,LEO_Ground
LEO_62 +Z_OCT,GS12111_OGT,16-Feb-2023 00:17:30,16-Feb-2023 00:19:30,LEO_Ground
LEO_32 +Z_OCT,GS02011_OGT,16-Feb-2023 01:49:30,16-Feb-2023 01:51:30,LEO_Ground
LEO_4 +Z_OCT,GS06051_OGT,16-Feb-2023 00:03:30,16-Feb-2023 00:05:30,LEO_Ground
LEO_50 +Z_OCT,GS02011_OGT,16-Feb-2023 00:34:30,16-Feb-2023 00:36:30,LEO_Ground
LEO_61 +Z_OCT,GS12112_OCT,16-Feb-2023 00:32:30,16-Feb-2023 00:34:30,LEO_Ground
LEO_35 +Z_OCT,GS06052_OCT,16-Feb-2023 01:22:30,16-Feb-2023 01:24:30,LEO_Ground
LEO_54 +Z_OCT,GS01001_OGT,16-Feb-2023 01:26:30,16-Feb-2023 01:28:30,LEO_Ground
LEO_58 +Z_OCT,GS11101_OGT,16-Feb-2023 01:09:30,16-Feb-2023 01:11:30,LEO_Ground
LEO_14 +Z_OCT,GS06052_OCT,16-Feb-2023 01:20:30,16-Feb-2023 01:22:30,LEO_Ground
LEO_13 +Z_OCT,GS11102_OCT,16-Feb-2023 00:15:30,16-Feb-2023 00:17:30,LEO_Ground
LEO_2 +Z_OCT,GS06051_OGT,16-Feb-2023 00:33:30,16-Feb-2023 00:35:30,LEO_Ground
LEO_31 +Y_OCT,LEO_53 +Y_OCT,16-Feb-2023 01:56:30,16-Feb-2023 01:58:30,LEO_LEO
LEO_27 -Y_OCT,LEO_49 -Y_OCT,16-Feb-2023 01:56:30,16-Feb-2023 01:58:30,LEO_LEO
LEO_19 -Y_OCT,LEO_41 -Y_OCT,16-Feb-2023 00:04:30,16-Feb-2023 00:06:30,LEO_LEO
LEO_23 +Y_OCT,LEO_45 +Y_OCT,16-Feb-2023 00:04:30,16-Feb-2023 00:06:30,LEO_LEO
LEO_18 +Y_OCT,LEO_59 +Y_OCT,16-Feb-2023 00:54:30,16-Feb-2023 00:56:30,LEO_LEO
LEO_50 +Y_OCT,LEO_57 -Y_OCT,16-Feb-2023 00:00:00,16-Feb-2023 00:01:30,LEO_LEO
LEO_54 -Y_OCT,LEO_61 +Y_OCT,16-Feb-2023 00:00:00,16-Feb-2023 00:01:30,LEO_LEO
LEO_31 +Y_OCT,LEO_38 -Y_OCT,16-Feb-2023 01:58:30,16-Feb-2023 02:00:00,LEO_LEO
LEO_27 -Y_OCT,LEO_34 +Y_OCT,16-Feb-2023 01:58:30,16-Feb-2023 02:00:00,LEO_LEO
LEO_2 -Y_OCT,LEO_43 -Y_OCT,16-Feb-2023 00:00:00,16-Feb-2023 00:01:30,LEO_LEO
LEO_6 +Y_OCT,LEO_47 +Y_OCT,16-Feb-2023 00:00:00,16-Feb-2023 00:01:30,LEO_LEO
LEO_23 +Y_OCT,LEO_45 +Y_OCT,16-Feb-2023 01:58:30,16-Feb-2023 02:00:00,LEO_LEO
LEO_19 -Y_OCT,LEO_41 -Y_OCT,16-Feb-2023 01:58:30,16-Feb-2023 02:00:00,LEO_LEO
LEO_59 +Y_OCT,GS11101_OGT,16-Feb-2023 00:56:30,16-Feb-2023 00:57:30,LEO_Ground
LEO_1 +Z_OCT,GS07061_OGT,16-Feb-2023 00:52:30,16-Feb-2023 00:53:30,LEO_Ground
LEO_34 +Z_OCT,GS07061_OGT,16-Feb-2023 01:30:30,16-Feb-2023 01:31:30,LEO_Ground
LEO_24 +Z_OCT,GS02012_OCT,16-Feb-2023 00:02:30,16-Feb-2023 00:03:30,LEO_Ground
LEO_23 +Z_OCT,GS12111_OGT,16-Feb-2023 01:27:30,16-Feb-2023 01:28:30,LEO_Ground
LEO_34 +Z_OCT,GS06052_OCT,16-Feb-2023 01:38:30,16-Feb-2023 01:39:30,LEO_Ground
LEO_36 +Z_OCT,GS07062_OCT,16-Feb-2023 01:07:30,16-Feb-2023 01:08:30,LEO_Ground
LEO_57 +Z_OCT,GS11101_OGT,16-Feb-2023 01:25:30,16-Feb-2023 01:26:30,LEO_Ground
LEO_33 +Z_OCT,GS06051_OGT,16-Feb-2023 01:51:30,16-Feb-2023 01:52:30,LEO_Ground
LEO_34 +Z_OCT,GS06051_OGT,16-Feb-2023 01:37:30,16-Feb-2023 01:38:30,LEO_Ground
LEO_18 +Z_OCT,GS11101_OGT,16-Feb-2023 00:49:30,16-Feb-2023 00:50:30,LEO_Ground
LEO_32 +Z_OCT,GS02012_OCT,16-Feb-2023 01:48:30,16-Feb-2023 01:49:30,LEO_Ground
LEO_33 +Z_OCT,GS06052_OCT,16-Feb-2023 01:53:30,16-Feb-2023 01:54:30,LEO_Ground
LEO_1 +Z_OCT,GS07062_OCT,16-Feb-2023 00:50:30,16-Feb-2023 00:51:30,LEO_Ground
LEO_37 +Z_OCT,GS07062_OCT,16-Feb-2023 00:52:30,16-Feb-2023 00:53:30,LEO_Ground
LEO_2 -Y_OCT,LEO_43 -Y_OCT,16-Feb-2023 01:53:30,16-Feb-2023 01:54:30,LEO_LEO
LEO_6 +Y_OCT,LEO_47 +Y_OCT,16-Feb-2023 01:53:30,16-Feb-2023 01:54:30,LEO_LEO
LEO_27 -Y_OCT,LEO_49 -Y_OCT,16-Feb-2023 00:03:30,16-Feb-2023 00:04:30,LEO_LEO
LEO_31 +Y_OCT,LEO_53 +Y_OCT,16-Feb-2023 00:03:30,16-Feb-2023 00:04:30,LEO_LEO
LEO_24 -Y_OCT,LEO_57 -Y_OCT,16-Feb-2023 00:23:30,16-Feb-2023 00:24:30,LEO_LEO
LEO_2 +Y_OCT,LEO_32 +Y_OCT,16-Feb-2023 01:21:30,16-Feb-2023 01:22:30,LEO_LEO
LEO_6 -Y_OCT,LEO_28 -Y_OCT,16-Feb-2023 01:21:30,16-Feb-2023 01:22:30,LEO_LEO
LEO_9 +Y_OCT,LEO_39 +Y_OCT,16-Feb-2023 01:33:30,16-Feb-2023 01:34:30,LEO_LEO
LEO_13 -Y_OCT,LEO_35 -Y_OCT,16-Feb-2023 01:33:30,16-Feb-2023 01:34:30,LEO_LEO
LEO_1 -Y_OCT,LEO_31 -Y_OCT,16-Feb-2023 00:35:30,16-Feb-2023 00:36:30,LEO_LEO
LEO_5 +Y_OCT,LEO_27 +Y_OCT,16-Feb-2023 00:35:30,16-Feb-2023 00:36:30,LEO_LEO
LEO_18 -Y_OCT,LEO_59 -Y_OCT,16-Feb-2023 01:50:30,16-Feb-2023 01:51:30,LEO_LEO
LEO_11 -Y_OCT,LEO_33 -Y_OCT,16-Feb-2023 00:06:30,16-Feb-2023 00:07:30,LEO_LEO
LEO_15 +Y_OCT,LEO_37 +Y_OCT,16-Feb-2023 00:06:30,16-Feb-2023 00:07:30,LEO_LEO
LEO_15 +Y_OCT,LEO_56 +Y_OCT,16-Feb-2023 01:38:30,16-Feb-2023 01:39:30,LEO_LEO
LEO_11 -Y_OCT,LEO_52 -Y_OCT,16-Feb-2023 01:38:30,16-Feb-2023 01:39:30,LEO_LEO
LEO_18 -Y_OCT,LEO_48 -Y_OCT,16-Feb-2023 00:18:30,16-Feb-2023 00:19:30,LEO_LEO
LEO_22 +Y_OCT,LEO_44 +Y_OCT,16-Feb-2023 00:18:30,16-Feb-2023 00:19:30,LEO_LEO
LEO_4 -Y_OCT,LEO_45 -Y_OCT,16-Feb-2023 01:26:30,16-Feb-2023 01:27:30,LEO_LEO
LEO_8 +Y_OCT,LEO_41 +Y_OCT,16-Feb-2023 01:26:30,16-Feb-2023 01:27:30,LEO_LEO
LEO_25 -Y_OCT,LEO_55 -Y_OCT,16-Feb-2023 00:30:30,16-Feb-2023 00:31:30,LEO_LEO
LEO_29 +Y_OCT,LEO_51 +Y_OCT,16-Feb-2023 00:30:30,16-Feb-2023 00:31:30,LEO_LEO
LEO_34 +Y_OCT,LEO_64 +Y_OCT,16-Feb-2023 01:14:30,16-Feb-2023 01:15:30,LEO_LEO
LEO_38 -Y_OCT,LEO_60 -Y_OCT,16-Feb-2023 01:14:30,16-Feb-2023 01:15:30,LEO_LEO
LEO_40 -Y_OCT,LEO_62 -Y_OCT,16-Feb-2023 00:42:30,16-Feb-2023 00:43:30,LEO_LEO
LEO_36 +Y_OCT,LEO_58 +Y_OCT,16-Feb-2023 00:42:30,16-Feb-2023 00:43:30,LEO_LEO
LEO_27 +Y_OCT,LEO_49 +Y_OCT,16-Feb-2023 01:02:30,16-Feb-2023 01:03:30,LEO_LEO
LEO_31 -Y_OCT,LEO_53 -Y_OCT,16-Feb-2023 01:02:30,16-Feb-2023 01:03:30,LEO_LEO
LEO_39 +Y_OCT,LEO_61 +Y_OCT,16-Feb-2023 01:55:30,16-Feb-2023 01:56:30,LEO_LEO
LEO_35 -Y_OCT,LEO_57 -Y_OCT,16-Feb-2023 01:55:30,16-Feb-2023 01:56:30,LEO_LEO
LEO_6 -Y_OCT,LEO_47 -Y_OCT,16-Feb-2023 00:54:30,16-Feb-2023 00:55:30,LEO_LEO
LEO_2 +Y_OCT,LEO_43 +Y_OCT,16-Feb-2023 00:54:30,16-Feb-2023 00:55:30,LEO_LEO
LEO_35 -Y_OCT,LEO_57 -Y_OCT,16-Feb-2023 00:01:30,16-Feb-2023 00:02:30,LEO_LEO
LEO_39 +Y_OCT,LEO_61 +Y_OCT,16-Feb-2023 00:01:30,16-Feb-2023 00:02:30,LEO_LEO
LEO_20 +Y_OCT,LEO_42 +Y_OCT,16-Feb-2023 00:50:30,16-Feb-2023 00:51:30,LEO_LEO
LEO_24 -Y_OCT,LEO_46 -Y_OCT,16-Feb-2023 00:50:30,16-Feb-2023 00:51:30,LEO_LEO
LEO_32 +Y_OCT,LEO_54 +Y_OCT,16-Feb-2023 01:43:30,16-Feb-2023 01:44:30,LEO_LEO
LEO_28 -Y_OCT,LEO_50 -Y_OCT,16-Feb-2023 01:43:30,16-Feb-2023 01:44:30,LEO_LEO
LEO_13 -Y_OCT,LEO_54 -Y_OCT,16-Feb-2023 01:06:30,16-Feb-2023 01:07:30,LEO_LEO
LEO_9 +Y_OCT,LEO_50 +Y_OCT,16-Feb-2023 01:06:30,16-Feb-2023 01:07:30,LEO_LEO
LEO_1 -Y_OCT,LEO_42 -Y_OCT,16-Feb-2023 00:13:30,16-Feb-2023 00:14:30,LEO_LEO
LEO_5 +Y_OCT,LEO_46 +Y_OCT,16-Feb-2023 00:13:30,16-Feb-2023 00:14:30,LEO_LEO
LEO_17 +Y_OCT,LEO_47 +Y_OCT,16-Feb-2023 01:31:30,16-Feb-2023 01:32:30,LEO_LEO
LEO_21 -Y_OCT,LEO_43 -Y_OCT,16-Feb-2023 01:31:30,16-Feb-2023 01:32:30,LEO_LEO
LEO_16 -Y_OCT,LEO_49 -Y_OCT,16-Feb-2023 00:25:30,16-Feb-2023 00:26:30,LEO_LEO
LEO_12 +Y_OCT,LEO_53 +Y_OCT,16-Feb-2023 00:25:30,16-Feb-2023 00:26:30,LEO_LEO
LEO_10 +Y_OCT,LEO_40 +Y_OCT,16-Feb-2023 01:19:30,16-Feb-2023 01:20:30,LEO_LEO
LEO_14 -Y_OCT,LEO_36 -Y_OCT,16-Feb-2023 01:19:30,16-Feb-2023 01:20:30,LEO_LEO
LEO_23 -Y_OCT,LEO_64 -Y_OCT,16-Feb-2023 00:37:30,16-Feb-2023 00:38:30,LEO_LEO
LEO_3 +Y_OCT,LEO_25 +Y_OCT,16-Feb-2023 01:07:30,16-Feb-2023 01:08:30,LEO_LEO
LEO_7 -Y_OCT,LEO_29 -Y_OCT,16-Feb-2023 01:07:30,16-Feb-2023 01:08:30,LEO_LEO
LEO_8 -Y_OCT,LEO_30 -Y_OCT,16-Feb-2023 00:49:30,16-Feb-2023 00:50:30,LEO_LEO
LEO_4 +Y_OCT,LEO_26 +Y_OCT,16-Feb-2023 00:49:30,16-Feb-2023 00:50:30,LEO_LEO
LEO_8 +Y_OCT,LEO_30 +Y_OCT,16-Feb-2023 01:48:30,16-Feb-2023 01:49:30,LEO_LEO
LEO_4 -Y_OCT,LEO_26 -Y_OCT,16-Feb-2023 01:48:30,16-Feb-2023 01:49:30,LEO_LEO
LEO_3 -Y_OCT,LEO_25 -Y_OCT,16-Feb-2023 00:08:30,16-Feb-2023 00:09:30,LEO_LEO
LEO_7 +Y_OCT,LEO_29 +Y_OCT,16-Feb-2023 00:08:30,16-Feb-2023 00:09:30,LEO_LEO
LEO_19 -Y_OCT,LEO_60 -Y_OCT,16-Feb-2023 01:36:30,16-Feb-2023 01:37:30,LEO_LEO
LEO_10 -Y_OCT,LEO_40 -Y_OCT,16-Feb-2023 00:20:30,16-Feb-2023 00:21:30,LEO_LEO
LEO_14 +Y_OCT,LEO_36 +Y_OCT,16-Feb-2023 00:20:30,16-Feb-2023 00:21:30,LEO_LEO
LEO_16 +Y_OCT,LEO_49 +Y_OCT,16-Feb-2023 01:24:30,16-Feb-2023 01:25:30,LEO_LEO
LEO_12 -Y_OCT,LEO_53 -Y_OCT,16-Feb-2023 01:24:30,16-Feb-2023 01:25:30,LEO_LEO
LEO_22 +Y_OCT,LEO_55 +Y_OCT,16-Feb-2023 01:50:30,16-Feb-2023 01:51:30,LEO_LEO
LEO_28 +Y_OCT,LEO_61 +Y_OCT,16-Feb-2023 00:23:30,16-Feb-2023 00:24:30,LEO_LEO
LEO_27 +Y_OCT,LEO_60 +Y_OCT,16-Feb-2023 00:37:30,16-Feb-2023 00:38:30,LEO_LEO
LEO_23 +Y_OCT,LEO_56 +Y_OCT,16-Feb-2023 01:36:30,16-Feb-2023 01:37:30,LEO_LEO
LEO_26 +Y_OCT,LEO_59 +Y_OCT,16-Feb-2023 00:52:30,16-Feb-2023 00:53:30,LEO_LEO
LEO_63 +Z_OCT,GS11102_OCT,16-Feb-2023 00:00:00,16-Feb-2023 00:00:30,LEO_Ground
LEO_40 +Z_OCT,GS07061_OGT,16-Feb-2023 01:59:30,16-Feb-2023 02:00:00,LEO_Ground
LEO_21 +Y_OCT,GS12111_OGT,16-Feb-2023 00:00:00,16-Feb-2023 00:00:30,LEO_Ground
LEO_35 -Y_OCT,LEO_58 -Y_OCT,16-Feb-2023 00:00:00,16-Feb-2023 00:00:30,LEO_LEO
LEO_39 +Y_OCT,LEO_62 +Y_OCT,16-Feb-2023 00:00:00,16-Feb-2023 00:00:30,LEO_LEO
LEO_30 +Y_OCT,LEO_53 +Y_OCT,16-Feb-2023 01:59:30,16-Feb-2023 02:00:00,LEO_LEO
LEO_26 -Y_OCT,LEO_49 -Y_OCT,16-Feb-2023 01:59:30,16-Feb-2023 02:00:00,LEO_LEO
GS01001_OGT,GS01,16-Feb-2023 00:00:00,16-Feb-2023 02:00:00,Ground_Ground
GS01002_OCT,GS01,16-Feb-2023 00:00:00,16-Feb-2023 02:00:00,Ground_Ground
GS11102_OCT,GS11,16-Feb-2023 00:00:00,16-Feb-2023 02:00:00,Ground_Ground
GS02012_OCT,GS02,16-Feb-2023 00:00:00,16-Feb-2023 02:00:00,Ground_Ground
GS11101_OGT,GS11,16-Feb-2023 00:00:00,16-Feb-2023 02:00:00,Ground_Ground
GS02011_OGT,GS02,16-Feb-2023 00:00:00,16-Feb-2023 02:00:00,Ground_Ground
GS07062_OCT,GS07,16-Feb-2023 00:00:00,16-Feb-2023 02:00:00,Ground_Ground
GS06052_OCT,GS06,16-Feb-2023 00:00:00,16-Feb-2023 02:00:00,Ground_Ground
GS12111_OGT,GS12,16-Feb-2023 00:00:00,16-Feb-2023 02:00:00,Ground_Ground
GS12112_OCT,GS12,16-Feb-2023 00:00:00,16-Feb-2023 02:00:00,Ground_Ground
GS07061_OGT,GS07,16-Feb-2023 00:00:00,16-Feb-2023 02:00:00,Ground_Ground
GS06051_OGT,GS06,16-Feb-2023 00:00:00,16-Feb-2023 02:00:00,Ground_Ground
GS06,DC02,16-Feb-2023 00:00:00,16-Feb-2023 02:00:00,Ground_Ground
GS07,DC02,16-Feb-2023 00:00:00,16-Feb-2023 02:00:00,Ground_Ground
GS12,DC03,16-Feb-2023 00:00:00,16-Feb-2023 02:00:00,Ground_Ground
GS11,DC03,16-Feb-2023 00:00:00,16-Feb-2023 02:00:00,Ground_Ground
GS01,DC01,16-Feb-2023 00:00:00,16-Feb-2023 02:00:00,Ground_Ground
GS02,DC01,16-Feb-2023 00:00:00,16-Feb-2023 02:00:00,Ground_Ground
